created_at,arbitrage,ask_price,bid_price
2017-08-29 00:00:00,0.00378118316984,4379.99912281,4396.56070175
2017-08-29 00:05:00,0.00350232115677,4380.0,4395.34016667
2017-08-29 00:10:00,0.00355993150685,4380.0,4395.5925
2017-08-29 00:15:00,0.0034571627583,4380.0,4395.14237288
2017-08-29 00:20:00,0.00361225638872,4380.03983333,4395.86166667
2017-08-29 00:25:00,0.00331871719877,4380.61666667,4395.15466667
2017-08-29 00:30:00,0.0037393026366,4378.86152542,4395.23508475
2017-08-29 00:35:00,0.00381349167236,4378.29847458,4394.99508475
2017-08-29 00:40:00,0.003985802645,4378.08186441,4395.5320339
2017-08-29 00:45:00,0.00388670754513,4376.345,4393.35433333
2017-08-29 00:50:00,0.00465062689632,4375.79,4396.14016667
2017-08-29 00:55:00,0.00486277906389,4375.79,4397.0685
2017-08-29 01:00:00,0.00338003728089,4375.79,4390.58033333
2017-08-29 01:05:00,0.00361976542141,4375.79,4391.62933333
2017-08-29 01:10:00,0.00427263800746,4375.79,4394.48616667
2017-08-29 01:15:00,0.00478212922017,4375.79,4396.71559322
2017-08-29 01:20:00,0.00475406187408,4375.80216667,4396.605
2017-08-29 01:25:00,0.00452047312831,4375.98,4395.7615
2017-08-29 01:30:00,0.00404937865347,4375.98,4393.7
2017-08-29 01:35:00,0.00277238082251,4375.947,4388.079
2017-08-29 01:40:00,-0.00336322018324,4375.08275862,4360.36827586
2017-08-29 01:45:00,-0.00289077116147,4372.122,4359.48316667
2017-08-29 01:50:00,-0.00171416702781,4367.10333333,4359.6155
2017-08-29 01:55:00,-0.00149999241804,4365.78116667,4359.232
2017-08-29 02:00:00,-0.00229668750236,4369.8140678,4359.77762712
2017-08-29 02:05:00,-0.00202548160843,4371.97,4363.11465517
2017-08-29 02:10:00,-0.00194412739947,4371.97,4363.47033333
2017-08-29 02:15:00,-0.0017903574349,4370.15135593,4362.32728814
2017-08-29 02:20:00,-0.00181140483541,4367.712,4359.8
2017-08-29 02:25:00,-0.00110129101086,4363.96183333,4359.1545
2017-08-29 02:30:00,0.000188799261164,4360.01,4360.83316667
2017-08-29 02:35:00,-0.000673048334439,4362.25466667,4359.31833333
2017-08-29 02:40:00,-0.00119049311368,4364.76616667,4359.57
2017-08-29 02:45:00,-0.00182979189495,4367.51466667,4359.5225
2017-08-29 02:50:00,-0.00242111665245,4369.88,4359.3
2017-08-29 02:55:00,-0.00250885258743,4369.99233333,4359.02866667
2017-08-29 03:00:00,-0.00161655225019,4370.0,4362.93566667
2017-08-29 03:05:00,-0.00108311490387,4370.69466667,4365.96
2017-08-29 03:10:00,-0.00285810597085,4376.90733333,4364.39783333
2017-08-29 03:15:00,-0.00286293865143,4380.1715,4367.63116667
2017-08-29 03:20:00,-0.00415568625569,4388.52533333,4370.28766667
2017-08-29 03:25:00,-0.00374461190592,4389.55433333,4373.11716667
2017-08-29 03:30:00,-0.00279938775668,4389.94633333,4377.65716667
2017-08-29 03:35:00,-0.00264517843584,4390.0,4378.38766667
2017-08-29 03:40:00,-0.00188390280942,4390.0,4381.72966667
2017-08-29 03:45:00,-0.00193135914958,4390.0,4381.52133333
2017-08-29 03:50:00,-0.00221572087703,4389.99366667,4380.26666667
2017-08-29 03:55:00,-0.00244292830732,4388.7505,4378.02866667
2017-08-29 04:00:00,-0.00199715810825,4385.149,4376.39116667
2017-08-29 04:05:00,-0.00178484145569,4385.14,4377.31322034
2017-08-29 04:10:00,-0.00173417584366,4384.68216667,4377.07816667
2017-08-29 04:15:00,-0.00140763337646,4382.77,4376.60066667
2017-08-29 04:20:00,-0.00133055122674,4382.77,4376.9385
2017-08-29 04:25:00,-0.00110204277204,4382.77,4377.94
2017-08-29 04:30:00,-0.00143875639462,4383.86066667,4377.553
2017-08-29 04:35:00,-0.00171524024538,4385.1,4377.5785
2017-08-29 04:40:00,-0.000862466078311,4385.1,4381.318
2017-08-29 04:45:00,-0.00100526023732,4385.1,4380.69183333
2017-08-29 04:50:00,-0.000927496902389,4385.1,4381.03283333
2017-08-29 04:55:00,-0.000880861705929,4385.1,4381.23733333
2017-08-29 05:00:00,-0.00102692250912,4385.1,4380.59684211
2017-08-29 05:05:00,-0.000911495746961,4385.1,4381.103
2017-08-29 05:10:00,-0.000899734037722,4385.1,4381.15457627
2017-08-29 05:15:00,-0.000815640844375,4385.1,4381.52333333
2017-08-29 05:20:00,-0.00113171117344,4385.1,4380.13733333
2017-08-29 05:25:00,-0.00124497350878,4385.1,4379.64066667
2017-08-29 05:30:00,-0.000328144918333,4380.29949153,4378.85813559
2017-08-29 05:35:00,0.000510604110351,4375.16833333,4377.40216667
2017-08-29 05:40:00,-0.000545562894347,4375.74,4373.35275862
2017-08-29 05:45:00,-0.000331216705506,4374.3057377,4372.85672131
2017-08-29 05:50:00,-0.00040643415821,4371.16084746,4369.38423729
2017-08-29 05:55:00,-0.000994904180663,4370.04534483,4365.69758621
2017-08-29 06:00:00,-0.00128120254291,4370.01,4364.41113208
2017-08-29 06:05:00,-0.00142207912568,4370.01,4363.7955
2017-08-29 06:10:00,-0.0015751040247,4370.01,4363.12677966
2017-08-29 06:15:00,-0.00121948441084,4369.97534483,4364.6462069
2017-08-29 06:20:00,-0.00103077763335,4369.84,4365.33566667
2017-08-29 06:25:00,-0.00134450333899,4369.652,4363.777
2017-08-29 06:30:00,-0.00148696048859,4369.54,4363.04266667
2017-08-29 06:35:00,-0.00191161572063,4369.54,4361.18711864
2017-08-29 06:40:00,-0.0015788420656,4369.54,4362.64118644
2017-08-29 06:45:00,-0.000991594100038,4368.301,4363.96933333
2017-08-29 06:50:00,-0.00123762114661,4367.09816667,4361.69333333
2017-08-29 06:55:00,0.000320964798778,4360.61762712,4362.01661017
2017-08-29 07:00:00,0.000929111195872,4360.02,4364.0709434
2017-08-29 07:05:00,0.000924193008289,4360.02,4364.0495
2017-08-29 07:10:00,-0.000612940688246,4366.58644068,4363.90491525
2017-08-29 07:15:00,2.16080470231e-05,4370.73266667,4370.82716667
2017-08-29 07:20:00,-0.000937307603828,4370.92,4366.82310345
2017-08-29 07:25:00,-0.00132496896153,4370.92,4365.12866667
2017-08-29 07:30:00,-0.0013896853364,4370.47866667,4364.405
2017-08-29 07:35:00,-0.000360695850884,4367.09322034,4365.51474576
2017-08-29 07:40:00,0.00185210780051,4356.226,4364.29333333
2017-08-29 07:45:00,0.00177298479917,4351.81016949,4359.52627119
2017-08-29 07:50:00,0.00218722448056,4345.15666667,4354.6605
2017-08-29 07:55:00,0.00172004137576,4345.14616667,4352.62
2017-08-29 08:00:00,0.00103627469326,4345.14,4349.64275862
2017-08-29 08:05:00,0.00139066450368,4352.501,4358.55516667
2017-08-29 08:10:00,0.00223276751086,4356.53,4366.25711864
2017-08-29 08:15:00,0.0019880518328,4356.63166667,4365.29283333
2017-08-29 08:20:00,0.000987206498298,4358.2395,4362.542
2017-08-29 08:25:00,0.0008747117535,4358.389,4362.20133333
2017-08-29 08:30:00,0.000714809274991,4359.9345,4363.0505
2017-08-29 08:35:00,-0.000295207789045,4366.636,4365.34433333
2017-08-29 08:40:00,-0.00010304333014,4363.86,4363.41033333
2017-08-29 08:45:00,-0.00130300342167,4363.888,4358.20183333
2017-08-29 08:50:00,-0.00202131342539,4363.88,4355.05923077
2017-08-29 08:55:00,-0.00202131342539,4363.88,4355.05923077
2017-08-29 09:00:00,-0.000405602353869,4363.88,4362.11
2017-08-29 09:05:00,-0.000405602353869,4363.88,4362.11
2017-08-29 09:10:00,-0.000405602353869,4363.88,4362.11
2017-08-29 09:15:00,0.00104886518295,4357.09,4361.66
2017-08-29 09:20:00,-0.000913887914156,4357.09,4353.10810811
2017-08-29 09:25:00,-0.00155843581798,4355.52090909,4348.73295455
2017-08-29 09:30:00,0.00117396077344,4351.84916667,4356.95783333
2017-08-29 09:35:00,0.00149255618203,4350.59,4357.0835
2017-08-29 09:40:00,0.00227965249158,4350.59,4360.50783333
2017-08-29 09:45:00,0.00149469221864,4350.47216667,4356.97483333
2017-08-29 09:50:00,0.000631687503115,4347.35,4350.09616667
2017-08-29 09:55:00,0.00164391334184,4347.35,4354.49666667
2017-08-29 10:00:00,0.00267516878291,4348.3475,4359.98
2017-08-29 10:05:00,0.00262669744995,4348.68,4360.10266667
2017-08-29 10:10:00,0.00226929264893,4348.41883333,4358.28666667
2017-08-29 10:15:00,0.00166172950811,4347.98,4355.20516667
2017-08-29 10:20:00,0.00169036349447,4347.98,4355.32966667
2017-08-29 10:25:00,0.000651873590342,4347.98,4350.81433333
2017-08-29 10:30:00,0.000989424974356,4347.98,4352.282
2017-08-29 10:35:00,-0.000137111649902,4351.05483333,4350.45816667
2017-08-29 10:40:00,-0.000620228084595,4354.62637931,4351.92431034
2017-08-29 10:45:00,-0.00134008778938,4359.4175,4353.5755
2017-08-29 10:50:00,-0.000867772007414,4359.44,4355.657
2017-08-29 10:55:00,-0.000815357018332,4359.44,4355.8855
2017-08-29 11:00:00,-0.00190731001263,4362.84173077,4354.52019231
2017-08-29 11:05:00,-0.00174170315056,4363.05,4355.45086207
2017-08-29 11:10:00,-0.00192044555987,4363.05,4354.671
2017-08-29 11:15:00,-0.00199936588701,4363.05,4354.32666667
2017-08-29 11:20:00,-0.00443167930815,4373.67633333,4354.28266667
2017-08-29 11:25:00,-0.00614683764929,4382.84533333,4355.90483333
2017-08-29 11:30:00,-0.00446400004083,4387.3215,4367.73783333
2017-08-29 11:35:00,-0.00299084724362,4389.89385965,4376.76438596
2017-08-29 11:40:00,-0.00227852733997,4389.97,4379.96733333
2017-08-29 11:45:00,-0.0028272782426,4389.97,4377.55833333
2017-08-29 11:50:00,-0.00106167374976,4382.38864407,4377.73508475
2017-08-29 11:55:00,-0.00118997740991,4382.41683333,4377.20183333
2017-08-29 12:00:00,-0.000568084582496,4382.51,4380.02036364
2017-08-29 12:05:00,-0.00160278986755,4384.502,4377.47416667
2017-08-29 12:10:00,-0.00144116452392,4382.22,4375.9045
2017-08-29 12:15:00,-0.00154710026446,4377.6055,4370.829
2017-08-29 12:20:00,-0.00255802195327,4380.5845,4369.37083333
2017-08-29 12:25:00,-0.00260345124454,4387.48683333,4376.06533333
2017-08-29 12:30:00,-0.00194020929289,4389.99033333,4381.47283333
2017-08-29 12:35:00,-0.00191872983894,4390.83,4382.4045
2017-08-29 12:40:00,-0.00310842597142,4399.396,4385.72033333
2017-08-29 12:45:00,-0.00397026182159,4408.80533333,4391.30033333
2017-08-29 12:50:00,-0.00524834784203,4415.8285,4392.65266667
2017-08-29 12:55:00,-0.00680750281405,4423.0255,4392.91066667
2017-08-29 13:00:00,-0.00919491946642,4439.49672414,4398.67482759
2017-08-29 13:05:00,-0.00814292827726,4444.4295,4408.23883333
2017-08-29 13:10:00,-0.0077237781077,4440.60491228,4406.30263158
2017-08-29 13:15:00,-0.00577631439088,4431.66083333,4406.06216667
2017-08-29 13:20:00,-0.00524700696445,4433.70966102,4410.44355932
2017-08-29 13:25:00,-0.00764638295092,4448.44295082,4414.42213115
2017-08-29 13:30:00,-0.00817367801773,4462.61683333,4426.1405
2017-08-29 13:35:00,-0.0103794120558,4486.8945,4440.3175
2017-08-29 13:40:00,-0.0185961534537,4549.927,4465.27333333
2017-08-29 13:45:00,-0.0210218813229,4611.93083333,4514.82416667
2017-08-29 13:50:00,-0.0187907815237,4573.19483333,4487.02933333
2017-08-29 13:55:00,-0.0155159399999,4577.02241379,4505.96913793
2017-08-29 14:00:00,-0.0186410181949,4596.023,4510.3152
2017-08-29 14:05:00,-0.0162326931412,4580.10278689,4505.75016393
2017-08-29 14:10:00,-0.0161829510571,4581.69847458,4507.54949153
2017-08-29 14:15:00,-0.0167471319374,4570.13131148,4493.59377049
2017-08-29 14:20:00,-0.0166183582392,4573.29237288,4497.29067797
2017-08-29 14:25:00,-0.0164596273646,4582.52216667,4507.0955
2017-08-29 14:30:00,-0.0152626834519,4572.41694915,4502.62677966
2017-08-29 14:35:00,-0.0150495707744,4567.04344262,4498.30786885
2017-08-29 14:40:00,-0.014867420713,4570.97416667,4503.0145
2017-08-29 14:45:00,-0.0135169736329,4569.069,4507.30916667
2017-08-29 14:50:00,-0.0128675474348,4566.73491525,4507.97135593
2017-08-29 14:55:00,-0.0129616831872,4558.64416667,4499.5555
2017-08-29 15:00:00,-0.0133797797094,4559.99037037,4498.9787037
2017-08-29 15:05:00,-0.0137016325536,4560.0,4497.52055556
2017-08-29 15:10:00,-0.0149537024604,4564.57483333,4496.30866667
2017-08-29 15:15:00,-0.0192159959185,4591.24683333,4503.0105
2017-08-29 15:20:00,-0.0190025727653,4605.13366667,4517.62183333
2017-08-29 15:25:00,-0.0178573654744,4599.31610169,4517.17355932
2017-08-29 15:30:00,-0.017415669148,4586.04818182,4506.17909091
2017-08-29 15:35:00,-0.017415669148,4586.04818182,4506.17909091
2017-08-29 15:40:00,-0.0159162306388,4594.18210526,4521.06
2017-08-29 15:45:00,-0.0153401151448,4592.15096154,4521.70615385
2017-08-29 15:50:00,-0.0135743081548,4590.06,4527.75311111
2017-08-29 15:55:00,-0.0119896762424,4590.06,4535.02666667
2017-08-29 16:00:00,-0.0119896762424,4590.06,4535.02666667
2017-08-29 16:05:00,-0.0119896762424,4590.06,4535.02666667
2017-08-29 16:10:00,-0.00931230987666,4582.46969697,4539.79636364
2017-08-29 16:15:00,-0.00963848285179,4581.2604,4537.104
2017-08-29 16:20:00,-0.008464136415,4576.87816667,4538.13733333
2017-08-29 16:25:00,-0.00673576504006,4570.69137931,4539.89689655
2017-08-29 16:30:00,-0.00571208356075,4559.91233333,4533.86583333
2017-08-29 16:35:00,-0.00891752334421,4559.02983051,4518.37457627
2017-08-29 16:40:00,-0.0122129307054,4557.239,4501.58016667
2017-08-29 16:45:00,-0.00992958829845,4555.14166667,4509.911
2017-08-29 16:50:00,-0.00996358596303,4555.02,4509.63566667
2017-08-29 16:55:00,-0.0100238857349,4555.02,4509.361
2017-08-29 17:00:00,-0.010893172365,4554.14518519,4504.53592593
2017-08-29 17:05:00,-0.0102930709401,4550.01311475,4503.1795082
2017-08-29 17:10:00,-0.00919202782005,4538.58133333,4496.8585
2017-08-29 17:15:00,-0.0093862971,4532.05483333,4489.514
2017-08-29 17:20:00,-0.0134050293155,4550.33067797,4489.33169492
2017-08-29 17:25:00,-0.0140603475603,4552.46616667,4488.45566667
2017-08-29 17:30:00,-0.0146577993208,4555.15,4488.38152542
2017-08-29 17:35:00,-0.0138298148482,4549.94442623,4487.0157377
2017-08-29 17:40:00,-0.0122910675645,4539.30220339,4483.50881356
2017-08-29 17:45:00,-0.0126852436113,4540.86389831,4483.26
2017-08-29 17:50:00,-0.0142626877976,4552.1525,4487.22416667
2017-08-29 17:55:00,-0.0148694118342,4556.45271186,4488.70067797
2017-08-29 18:00:00,-0.0136792498584,4554.20181818,4491.90345455
2017-08-29 18:05:00,-0.0127224442968,4556.699,4498.72666667
2017-08-29 18:10:00,-0.0120361379203,4557.22966667,4502.378
2017-08-29 18:15:00,-0.0126903722371,4566.40423729,4508.45050847
2017-08-29 18:20:00,-0.0133571869123,4575.806,4514.6855
2017-08-29 18:25:00,-0.0142707818268,4577.0,4511.68263158
2017-08-29 18:30:00,-0.0148936634977,4579.29233333,4511.08983333
2017-08-29 18:35:00,-0.0151287812128,4579.99,4510.70033333
2017-08-29 18:40:00,-0.0150837301683,4579.99,4510.90666667
2017-08-29 18:45:00,-0.0161033636422,4578.52813559,4504.79847458
2017-08-29 18:50:00,-0.0163737124259,4574.45213115,4499.5504918
2017-08-29 18:55:00,-0.0171594965042,4570.18666667,4491.76483333
2017-08-29 19:00:00,-0.015718848558,4561.91666667,4490.20666667
2017-08-29 19:05:00,-0.0149042811003,4561.73433333,4493.74416667
2017-08-29 19:10:00,-0.0162022018438,4568.15266667,4494.13816667
2017-08-29 19:15:00,-0.0155941765398,4568.88189655,4497.6337931
2017-08-29 19:20:00,-0.0160048117721,4573.84,4500.63655172
2017-08-29 19:25:00,-0.0144974587775,4575.23616667,4508.90666667
2017-08-29 19:30:00,-0.0148010712458,4577.55844828,4509.80551724
2017-08-29 19:35:00,-0.014064092766,4577.14896552,4512.77551724
2017-08-29 19:40:00,-0.0132079522602,4578.56721311,4518.09393443
2017-08-29 19:45:00,-0.0137063268512,4579.74661017,4516.97474576
2017-08-29 19:50:00,-0.014392031759,4583.78533333,4517.81533333
2017-08-29 19:55:00,-0.0142623692451,4584.161,4518.78
2017-08-29 20:00:00,-0.0150454794867,4587.54947368,4518.52736842
2017-08-29 20:05:00,-0.0156102349687,4589.98067797,4518.33
2017-08-29 20:10:00,-0.0163136312013,4596.56033333,4521.572
2017-08-29 20:15:00,-0.0163671881265,4599.59716667,4524.31466667
2017-08-29 20:20:00,-0.0149890066075,4599.45,4530.50881356
2017-08-29 20:25:00,-0.0142680426083,4599.54152542,4533.91508475
2017-08-29 20:30:00,-0.0155091491169,4606.54683333,4535.1025
2017-08-29 20:35:00,-0.015721252156,4607.7,4535.26118644
2017-08-29 20:40:00,-0.0146962293676,4607.69459016,4539.97885246
2017-08-29 20:45:00,-0.014254658124,4604.3395,4538.7055
2017-08-29 20:50:00,-0.0121840986958,4588.99033333,4533.077
2017-08-29 20:55:00,-0.0118146499295,4587.00283333,4532.809
2017-08-29 21:00:00,-0.0122191373702,4594.88666667,4538.73944444
2017-08-29 21:05:00,-0.0117366320235,4594.06433333,4540.144
2017-08-29 21:10:00,-0.0116560837143,4597.047,4543.46233333
2017-08-29 21:15:00,-0.0123155906862,4603.47716667,4546.78133333
2017-08-29 21:20:00,-0.0117708560757,4609.34183333,4555.08533333
2017-08-29 21:25:00,-0.0124717485144,4618.526,4560.92333333
2017-08-29 21:30:00,-0.0132095671481,4626.0,4564.89254237
2017-08-29 21:35:00,-0.0113984505184,4613.91258621,4561.31310345
2017-08-29 21:40:00,-0.0100975796672,4610.8585,4564.299
2017-08-29 21:45:00,-0.0118537851682,4616.99216667,4562.26333333
2017-08-29 21:50:00,-0.0113838618128,4619.48118644,4566.89220339
2017-08-29 21:55:00,-0.00890954117803,4611.74719298,4570.65842105
2017-08-29 22:00:00,-0.00738775700007,4599.81946429,4565.83017857
2017-08-29 22:05:00,-0.00797433518775,4589.69,4553.091
2017-08-29 22:10:00,-0.007709153858,4588.02066667,4552.6505
2017-08-29 22:15:00,-0.0069176931826,4582.782,4551.07966667
2017-08-29 22:20:00,-0.00757199140453,4582.26,4547.56316667
2017-08-29 22:25:00,-0.0094240374467,4582.26,4539.07661017
2017-08-29 22:30:00,-0.00870564584257,4585.895,4545.97
2017-08-29 22:35:00,-0.00919493919329,4589.06745763,4546.87050847
2017-08-29 22:40:00,-0.00819171286852,4585.05283333,4547.49333333
2017-08-29 22:45:00,-0.00923205317869,4588.42813559,4546.06762712
2017-08-29 22:50:00,-0.00967473766883,4589.99,4545.58305085
2017-08-29 22:55:00,-0.00897808281605,4589.99,4548.78068966
2017-08-29 23:00:00,-0.00841776615172,4593.5827907,4554.91534884
2017-08-29 23:05:00,-0.00735504745126,4598.61948276,4564.79603448
2017-08-29 23:10:00,-0.00663697969009,4599.13034483,4568.60568966
2017-08-29 23:15:00,-0.00688403085238,4603.91789474,4572.22438596
2017-08-29 23:20:00,-0.00815538944017,4603.93,4566.38315789
2017-08-29 23:25:00,-0.00928659241747,4603.93,4561.17517857
2017-08-29 23:30:00,-0.00934086023607,4603.93,4560.92533333
2017-08-29 23:35:00,-0.00827689954684,4599.8075,4561.7335
2017-08-29 23:40:00,-0.00768722508443,4595.69,4560.36189655
2017-08-29 23:45:00,-0.00781930519292,4595.56533333,4559.63116667
2017-08-29 23:50:00,-0.00799677335787,4593.035,4556.30566667
2017-08-29 23:55:00,-0.0100181238511,4592.71433333,4546.704
2017-08-30 00:00:00,-0.0122260870856,4584.37521739,4528.3273913
2017-08-30 00:05:00,-0.0124587763543,4575.3412069,4518.33827586
2017-08-30 00:10:00,-0.0103311579949,4573.53666667,4526.28462963
2017-08-30 00:15:00,-0.00790417040404,4571.10694915,4534.97610169
2017-08-30 00:20:00,-0.00786486167502,4579.69383333,4543.67583333
2017-08-30 00:25:00,-0.00744700335842,4584.19183333,4550.05333333
2017-08-30 00:30:00,-0.00843467581676,4584.29,4545.623
2017-08-30 00:35:00,-0.00830918090157,4584.29,4546.19830508
2017-08-30 00:40:00,-0.00724318313499,4584.264,4551.05933333
2017-08-30 00:45:00,-0.00642226954562,4584.15396552,4554.71327586
2017-08-30 00:50:00,-0.00615222979756,4586.9,4558.67666667
2017-08-30 00:55:00,-0.00800113532017,4595.32915254,4558.56118644
2017-08-30 01:00:00,-0.00749743967846,4596.96075,4562.4955
2017-08-30 01:05:00,-0.00683555919136,4602.11916667,4570.66083333
2017-08-30 01:10:00,-0.00617740258917,4598.70344828,4570.29534483
2017-08-30 01:15:00,-0.00659436540808,4600.1420339,4569.80661017
2017-08-30 01:20:00,-0.00626254500586,4601.99,4573.16983051
2017-08-30 01:25:00,-0.00524876250592,4606.34101695,4582.16491525
2017-08-30 01:30:00,-0.00600224164457,4614.96491525,4587.26338983
2017-08-30 01:35:00,-0.00811613228294,4623.05733333,4585.53416667
2017-08-30 01:40:00,-0.00683558402429,4623.82305085,4592.21627119
2017-08-30 01:45:00,-0.00704374346608,4620.04745763,4587.50508475
2017-08-30 01:50:00,-0.00585693414656,4614.13866667,4587.10683333
2017-08-30 01:55:00,-0.00395110739058,4608.62,4590.41084746
2017-08-30 02:00:00,-0.00491902106851,4611.55606061,4588.87060606
2017-08-30 02:05:00,-0.00493182214331,4613.19783333,4590.44266667
2017-08-30 02:10:00,-0.00277800201579,4602.32,4589.53474576
2017-08-30 02:15:00,-0.00331857990463,4602.32,4587.04683333
2017-08-30 02:20:00,-0.00315598046349,4603.18916667,4588.66133333
2017-08-30 02:25:00,-0.00366508353845,4604.7,4587.82338983
2017-08-30 02:30:00,-0.00432012538405,4604.7,4584.80711864
2017-08-30 02:35:00,-0.00445802642269,4603.24,4582.71844828
2017-08-30 02:40:00,-0.00349104549521,4600.29233333,4584.2325
2017-08-30 02:45:00,-0.00320437709193,4600.01,4585.26983333
2017-08-30 02:50:00,-0.00298395153414,4600.01,4586.2837931
2017-08-30 02:55:00,-0.00296454771893,4600.01,4586.37305085
2017-08-30 03:00:00,-0.00353013297809,4601.64466667,4585.4
2017-08-30 03:05:00,-0.00427891443332,4600.05,4580.36677966
2017-08-30 03:10:00,-0.00463836696523,4601.34627119,4580.00440678
2017-08-30 03:15:00,-0.0040063211573,4601.52816667,4583.093
2017-08-30 03:20:00,-0.00381974718627,4599.17,4581.60233333
2017-08-30 03:25:00,-0.00411057462259,4601.0615,4582.14816667
2017-08-30 03:30:00,-0.00414479249962,4602.08,4583.00533333
2017-08-30 03:35:00,-0.00400402349997,4601.80864407,4583.38288136
2017-08-30 03:40:00,-0.00482236694675,4601.01050847,4578.82288136
2017-08-30 03:45:00,-0.00536383311073,4599.17,4574.50081967
2017-08-30 03:50:00,-0.00460017785818,4599.17,4578.013
2017-08-30 03:55:00,-0.00463243005441,4599.17,4577.86466667
2017-08-30 04:00:00,-0.00447312594809,4599.17,4578.59733333
2017-08-30 04:05:00,-0.00388101871577,4599.32775862,4581.47758621
2017-08-30 04:10:00,-0.00532708407824,4607.44,4582.89466667
2017-08-30 04:15:00,-0.00577542291328,4610.44316667,4583.8155
2017-08-30 04:20:00,-0.00503092102475,4614.47929825,4591.26508772
2017-08-30 04:25:00,-0.00643191245675,4625.87881356,4596.12542373
2017-08-30 04:30:00,-0.00723217347228,4626.0,4592.54396552
2017-08-30 04:35:00,-0.00680983461536,4626.25423729,4594.75
2017-08-30 04:40:00,-0.00576535684431,4626.50166667,4599.828
2017-08-30 04:45:00,-0.00466105190857,4621.00766667,4599.469
2017-08-30 04:50:00,-0.00494345325976,4611.52440678,4588.72491525
2017-08-30 04:55:00,-0.00508798799059,4609.72,4586.2658
2017-08-30 05:00:00,-0.00535843816607,4609.37176471,4584.67264706
2017-08-30 05:05:00,-0.00365807576474,4603.01883333,4586.17983333
2017-08-30 05:10:00,-0.0024300791672,4600.8105,4589.63016667
2017-08-30 05:15:00,-0.00270032747928,4600.8,4588.37633333
2017-08-30 05:20:00,-0.00314488784559,4600.8,4586.331
2017-08-30 05:25:00,-0.0028483604682,4600.8,4587.69526316
2017-08-30 05:30:00,-0.00331452097074,4604.56783333,4589.30466667
2017-08-30 05:35:00,-0.00410993234389,4609.40694915,4590.46254237
2017-08-30 05:40:00,-0.00533963608759,4608.8875,4584.2775
2017-08-30 05:45:00,-0.00506538181897,4607.55,4584.211
2017-08-30 05:50:00,-0.00416597252308,4607.902,4588.70566667
2017-08-30 05:55:00,-0.00482256620319,4613.52033333,4591.27033333
2017-08-30 06:00:00,-0.00475790106282,4614.78,4592.82333333
2017-08-30 06:05:00,-0.00405351881584,4614.78,4596.07390244
2017-08-30 06:10:00,-0.00574791307765,4629.55907407,4602.94444444
2017-08-30 06:15:00,-0.00755148125085,4641.01,4605.9635
2017-08-30 06:20:00,-0.00562051951497,4629.57627451,4603.54392157
2017-08-30 06:25:00,-0.00434741301523,4621.80588235,4601.71235294
2017-08-30 06:30:00,-0.00526523571486,4623.12333333,4598.7815
2017-08-30 06:35:00,-0.00562013427989,4623.66169492,4597.6759322
2017-08-30 06:40:00,-0.00636160102875,4624.36,4594.94166667
2017-08-30 06:45:00,-0.00538877173945,4624.27366667,4599.3545
2017-08-30 06:50:00,-0.00536999674274,4624.16,4599.32827586
2017-08-30 06:55:00,-0.00458748371111,4618.91983333,4597.72833333
2017-08-30 07:00:00,-0.0045231081725,4613.92,4593.05074074
2017-08-30 07:05:00,-0.00359520856052,4613.36416667,4596.778
2017-08-30 07:10:00,-0.00307348390178,4606.92466667,4592.764
2017-08-30 07:15:00,0.00216126601296,4579.00883333,4588.89633333
2017-08-30 07:20:00,-0.0012586091564,4589.31557692,4583.53942308
2017-08-30 07:25:00,-0.00247946050534,4591.528,4580.14233333
2017-08-30 07:30:00,-0.00232599895302,4589.22,4578.53833333
2017-08-30 07:35:00,-0.00218873154619,4581.09783333,4571.06816667
2017-08-30 07:40:00,-0.00256457758937,4588.15,4576.38333333
2017-08-30 07:45:00,-0.0034082804902,4584.25583333,4568.629
2017-08-30 07:50:00,-0.00466887626883,4580.01,4558.6265
2017-08-30 07:55:00,-0.00553073756025,4580.01,4554.67916667
2017-08-30 08:00:00,-0.00523122610079,4575.81942857,4551.88171429
2017-08-30 08:05:00,-0.00420093619656,4575.25,4556.02966667
2017-08-30 08:10:00,-0.00302013920238,4575.49766667,4561.67883333
2017-08-30 08:15:00,-0.00397926171615,4586.49516667,4568.244
2017-08-30 08:20:00,-0.00409915045148,4585.93516667,4567.13533333
2017-08-30 08:25:00,-0.00320374629535,4575.05916667,4560.40183333
2017-08-30 08:30:00,-0.00352418576155,4575.30866667,4559.18383333
2017-08-30 08:35:00,-0.00642302913037,4579.07,4549.6585
2017-08-30 08:40:00,-0.00860740706172,4583.95516667,4544.49816667
2017-08-30 08:45:00,-0.010575690968,4584.44883333,4535.965
2017-08-30 08:50:00,-0.00954565358577,4582.71666667,4538.97166667
2017-08-30 08:55:00,-0.0103940249474,4582.500625,4534.87
2017-08-30 09:00:00,-0.00966563620945,4582.46,4538.1676087
2017-08-30 09:05:00,-0.00951010301599,4582.46,4538.88033333
2017-08-30 09:10:00,-0.00968815163135,4580.72678571,4536.34803571
2017-08-30 09:15:00,-0.00925974625186,4577.91616667,4535.52633333
2017-08-30 09:20:00,-0.0134091371183,4570.1825,4508.89516667
2017-08-30 09:25:00,-0.0125324415332,4561.075,4503.91366667
2017-08-30 09:30:00,-0.0134661865606,4560.37636364,4498.96545455
2017-08-30 09:35:00,-0.0134661865606,4560.37636364,4498.96545455
2017-08-30 09:40:00,-0.0134661865606,4560.37636364,4498.96545455
2017-08-30 09:45:00,-0.0129800022383,4557.01,4497.86
2017-08-30 09:50:00,-0.0129800022383,4557.01,4497.86
2017-08-30 09:55:00,-0.0125011242651,4536.41066667,4479.70166667
2017-08-30 10:00:00,-0.0131036848205,4536.07529412,4476.63627451
2017-08-30 10:05:00,-0.0101596699215,4512.28083333,4466.436
2017-08-30 10:10:00,-0.013425599884,4522.28516667,4461.561
2017-08-30 10:15:00,-0.0109714163075,4525.56316667,4475.91033333
2017-08-30 10:20:00,-0.0130497379765,4513.78883333,4454.88416667
2017-08-30 10:25:00,-0.0119011317765,4497.04948276,4443.53051724
2017-08-30 10:30:00,-0.0109967361682,4496.009,4446.56633333
2017-08-30 10:35:00,-0.0095417123948,4515.526,4472.44466667
2017-08-30 10:40:00,-0.0131115874502,4539.98816667,4480.44816667
2017-08-30 10:45:00,-0.0132802610154,4543.934,4483.588
2017-08-30 10:50:00,-0.0101723965515,4530.65683333,4484.56816667
2017-08-30 10:55:00,-0.00894192674086,4524.27083333,4483.81283333
2017-08-30 11:00:00,-0.00968860629798,4522.62,4478.80211538
2017-08-30 11:05:00,-0.00908070295276,4524.43433333,4483.34466667
2017-08-30 11:10:00,-0.0111383912458,4544.15416667,4493.5385
2017-08-30 11:15:00,-0.0117462171112,4559.60983333,4506.047
2017-08-30 11:20:00,-0.0089593339456,4551.38,4510.60266667
2017-08-30 11:25:00,-0.00876701132404,4551.38,4511.478
2017-08-30 11:30:00,-0.00936730544729,4551.38,4508.74583333
2017-08-30 11:35:00,-0.0091017905801,4547.35745763,4505.96389831
2017-08-30 11:40:00,-0.00819577439862,4539.4,4502.19610169
2017-08-30 11:45:00,-0.00869383703293,4539.74,4500.27216667
2017-08-30 11:50:00,-0.00717046244315,4532.19466667,4499.6945
2017-08-30 11:55:00,-0.00618453869008,4528.12,4500.11566667
2017-08-30 12:00:00,-0.00804285685036,4534.86288136,4498.38288136
2017-08-30 12:05:00,-0.00909303881458,4538.93,4497.65733333
2017-08-30 12:10:00,-0.00961886024533,4538.93,4495.27066667
2017-08-30 12:15:00,-0.00875727846992,4533.87610169,4494.17050847
2017-08-30 12:20:00,-0.00932294343326,4541.12166667,4498.78283333
2017-08-30 12:25:00,-0.00902843184719,4544.2,4503.173
2017-08-30 12:30:00,-0.00851245169606,4546.01542373,4507.31779661
2017-08-30 12:35:00,-0.00631930972899,4546.62,4517.8885
2017-08-30 12:40:00,-0.00437380222273,4550.28779661,4530.3840678
2017-08-30 12:45:00,-0.00575303223137,4555.73483333,4529.5255
2017-08-30 12:50:00,-0.00719505184903,4562.01616667,4529.1915
2017-08-30 12:55:00,-0.00650296218923,4566.241,4536.54716667
2017-08-30 13:00:00,-0.0069026026374,4567.5954386,4536.06719298
2017-08-30 13:05:00,-0.00698558842123,4570.1,4538.17516667
2017-08-30 13:10:00,-0.00813514682468,4570.19,4533.01083333
2017-08-30 13:15:00,-0.00965245854293,4570.39,4526.2745
2017-08-30 13:20:00,-0.0103686458461,4570.3975,4523.00866667
2017-08-30 13:25:00,-0.00916768772974,4570.4,4528.5
2017-08-30 13:30:00,-0.00926658498162,4570.4,4528.048
2017-08-30 13:35:00,-0.00885744209257,4570.43083333,4529.9485
2017-08-30 13:40:00,-0.0078879295105,4574.3965,4538.31416667
2017-08-30 13:45:00,-0.00744600260199,4574.57983333,4540.5175
2017-08-30 13:50:00,-0.00768973067158,4574.58,4539.40271186
2017-08-30 13:55:00,-0.00828236326249,4574.58,4536.69166667
2017-08-30 14:00:00,-0.00816664382681,4574.58,4537.22103448
2017-08-30 14:05:00,-0.0082390482154,4574.58,4536.88981481
2017-08-30 14:10:00,-0.00789647206672,4574.40728814,4538.28559322
2017-08-30 14:15:00,-0.0083045067996,4574.23,4536.24327586
2017-08-30 14:20:00,-0.00989518090112,4574.23,4528.96716667
2017-08-30 14:25:00,-0.0100923564686,4569.11283333,4523.0
2017-08-30 14:30:00,-0.0101680548204,4568.04483333,4521.59666667
2017-08-30 14:35:00,-0.0101562628081,4557.39683333,4511.11016667
2017-08-30 14:40:00,-0.00976925731676,4554.68033898,4510.18457627
2017-08-30 14:45:00,-0.00858155743268,4549.8477193,4510.80245614
2017-08-30 14:50:00,-0.0087374411901,4548.72779661,4508.98355932
2017-08-30 14:55:00,-0.0101222641869,4550.09583333,4504.038
2017-08-30 15:00:00,-0.0101748071716,4551.11,4504.80333333
2017-08-30 15:05:00,-0.00983053156449,4551.11,4506.37016949
2017-08-30 15:10:00,-0.00997093525746,4550.90508475,4505.52830508
2017-08-30 15:15:00,-0.00986255574663,4550.01,4505.13527273
2017-08-30 15:20:00,-0.00984545013126,4550.01,4505.21310345
2017-08-30 15:25:00,-0.00969587400945,4549.24966102,4505.14067797
2017-08-30 15:30:00,-0.00991047440015,4549.129,4504.04466667
2017-08-30 15:35:00,-0.0107001476146,4553.11423729,4504.39525424
2017-08-30 15:40:00,-0.0105259522877,4553.33694915,4505.40881356
2017-08-30 15:45:00,-0.00988684030258,4561.083,4515.986
2017-08-30 15:50:00,-0.0108881114092,4563.88,4514.1879661
2017-08-30 15:55:00,-0.0127092073831,4565.23068966,4507.21051724
2017-08-30 16:00:00,-0.0129775536007,4566.33103448,4507.0712069
2017-08-30 16:05:00,-0.0128767742375,4566.44,4507.63898305
2017-08-30 16:10:00,-0.0122082708718,4567.62683333,4511.86383333
2017-08-30 16:15:00,-0.0122081897093,4571.4015,4515.593
2017-08-30 16:20:00,-0.0121615549587,4574.81666667,4519.17983333
2017-08-30 16:25:00,-0.0132176848139,4576.94152542,4516.4440678
2017-08-30 16:30:00,-0.0141175466858,4580.05483333,4515.39566667
2017-08-30 16:35:00,-0.014155266091,4581.64,4516.78566667
2017-08-30 16:40:00,-0.0157033548345,4581.64,4509.69288136
2017-08-30 16:45:00,-0.0154964161305,4581.64,4510.641
2017-08-30 16:50:00,-0.0152661770082,4581.95166667,4512.00283333
2017-08-30 16:55:00,-0.0137338835689,4582.28,4519.3475
2017-08-30 17:00:00,-0.0134316322879,4582.28,4520.7325
2017-08-30 17:05:00,-0.0136974752016,4582.28,4519.51433333
2017-08-30 17:10:00,-0.0137360946033,4582.28,4519.33736842
2017-08-30 17:15:00,-0.0133628528447,4582.28,4521.04766667
2017-08-30 17:20:00,-0.01310845478,4582.28,4522.21338983
2017-08-30 17:25:00,-0.0137819309747,4582.28,4519.12733333
2017-08-30 17:30:00,-0.0147272027608,4582.28,4514.79583333
2017-08-30 17:35:00,-0.0153233397639,4582.28,4512.06416667
2017-08-30 17:40:00,-0.014190757433,4582.6425,4517.61133333
2017-08-30 17:45:00,-0.014561136024,4584.55633333,4517.79983333
2017-08-30 17:50:00,-0.0147111421281,4585.3,4517.845
2017-08-30 17:55:00,-0.0135802455674,4585.3,4523.0305
2017-08-30 18:00:00,-0.0136154367367,4585.3,4522.86913793
2017-08-30 18:05:00,-0.0130320059148,4585.287,4525.5315
2017-08-30 18:10:00,-0.0121362074706,4585.26,4529.61233333
2017-08-30 18:15:00,-0.0133047553927,4585.26,4524.25423729
2017-08-30 18:20:00,-0.0143701477486,4585.20067797,4519.31067797
2017-08-30 18:25:00,-0.0154138801879,4584.67152542,4514.0040678
2017-08-30 18:30:00,-0.0164614834268,4584.52,4509.052
2017-08-30 18:35:00,-0.0144128540625,4581.57683333,4515.54183333
2017-08-30 18:40:00,-0.0124388091686,4574.57266667,4517.6695
2017-08-30 18:45:00,-0.0125409953776,4572.67,4515.32416667
2017-08-30 18:50:00,-0.0127067993098,4572.67,4514.566
2017-08-30 18:55:00,-0.0122355939382,4572.67,4516.72066667
2017-08-30 19:00:00,-0.012346926643,4572.67,4516.21157895
2017-08-30 19:05:00,-0.0118934889244,4572.67,4518.285
2017-08-30 19:10:00,-0.0121665241533,4572.67,4517.0365
2017-08-30 19:15:00,-0.0120655984359,4572.67,4517.498
2017-08-30 19:20:00,-0.0118235079286,4572.67,4518.605
2017-08-30 19:25:00,-0.0116710319164,4571.98016667,4518.62
2017-08-30 19:30:00,-0.0107328487007,4566.45,4517.43898305
2017-08-30 19:35:00,-0.0100820542533,4563.274,4517.26533333
2017-08-30 19:40:00,-0.00943493440785,4560.47333333,4517.4455
2017-08-30 19:45:00,-0.0088962520297,4558.09116667,4517.54
2017-08-30 19:50:00,-0.00847068432634,4555.9520339,4517.36
2017-08-30 19:55:00,-0.00839599970531,4555.60929825,4517.36
2017-08-30 20:00:00,-0.00619486550436,4544.41122807,4516.25912281
2017-08-30 20:05:00,-0.00766882252732,4542.30483333,4507.46933333
2017-08-30 20:10:00,-0.00700922482925,4541.74220339,4509.90745763
2017-08-30 20:15:00,-0.00746986991768,4544.15372881,4510.20949153
2017-08-30 20:20:00,-0.00762348527815,4544.23118644,4509.58830508
2017-08-30 20:25:00,-0.0080995500793,4545.743,4508.9235
2017-08-30 20:30:00,-0.00932869417326,4552.03465517,4509.57
2017-08-30 20:35:00,-0.00988567993309,4554.69762712,4509.67084746
2017-08-30 20:40:00,-0.0104848792662,4555.926,4508.15766667
2017-08-30 20:45:00,-0.0115088759555,4558.114,4505.655
2017-08-30 20:50:00,-0.0116951183594,4563.89466667,4510.51966667
2017-08-30 20:55:00,-0.0111047181938,4567.86949153,4517.14440678
2017-08-30 21:00:00,-0.0111153049934,4569.34285714,4518.55321429
2017-08-30 21:05:00,-0.0110860911791,4569.69,4519.03
2017-08-30 21:10:00,-0.0105543619023,4569.75912281,4521.52824561
2017-08-30 21:15:00,-0.00966996522861,4567.03266667,4522.86666667
2017-08-30 21:20:00,-0.00802083571617,4559.71683333,4523.1425
2017-08-30 21:25:00,-0.00733150983453,4554.855,4521.45983333
2017-08-30 21:30:00,-0.00730939283863,4561.45933333,4528.11783333
2017-08-30 21:35:00,-0.00800586103072,4561.2,4524.68366667
2017-08-30 21:40:00,-0.0104174414199,4562.61533333,4515.08333333
2017-08-30 21:45:00,-0.0117437050734,4565.95333333,4512.33216667
2017-08-30 21:50:00,-0.0122430222377,4569.29316667,4513.35116667
2017-08-30 21:55:00,-0.0129619154565,4571.3225,4512.06933333
2017-08-30 22:00:00,-0.0119782476924,4571.66355932,4516.90322034
2017-08-30 22:05:00,-0.0121965049255,4576.26466667,4520.45
2017-08-30 22:10:00,-0.0121231984758,4576.68,4521.196
2017-08-30 22:15:00,-0.0121024046543,4576.68,4521.29116667
2017-08-30 22:20:00,-0.0101978305349,4570.044,4523.437
2017-08-30 22:25:00,-0.0104425898323,4568.79,4521.08
2017-08-30 22:30:00,-0.0100368295909,4568.79,4522.93383333
2017-08-30 22:35:00,-0.0114821715844,4569.03135593,4516.56881356
2017-08-30 22:40:00,-0.0115281595196,4572.2237931,4519.51448276
2017-08-30 22:45:00,-0.0123744468152,4577.06883333,4520.43
2017-08-30 22:50:00,-0.0123751171424,4578.328,4521.67066667
2017-08-30 22:55:00,-0.0122977916757,4578.13864407,4521.83762712
2017-08-30 23:00:00,-0.0117866783288,4578.02,4524.06035088
2017-08-30 23:05:00,-0.0121497940158,4578.02,4522.398
2017-08-30 23:10:00,-0.0127093858407,4578.4595,4520.26983333
2017-08-30 23:15:00,-0.0139935228582,4583.36322034,4519.22559322
2017-08-30 23:20:00,-0.0133316171594,4583.84,4522.73
2017-08-30 23:25:00,-0.0129872188674,4583.84,4524.30866667
2017-08-30 23:30:00,-0.014185813641,4583.84,4518.8145
2017-08-30 23:35:00,-0.014114211169,4583.84016949,4519.14288136
2017-08-30 23:40:00,-0.0158852257787,4583.84,4511.02466667
2017-08-30 23:45:00,-0.0152883903555,4583.84754386,4513.76789474
2017-08-30 23:50:00,-0.0166645301511,4584.45316667,4508.05516667
2017-08-30 23:55:00,-0.0172299118518,4584.16603448,4505.1812069
2017-08-31 00:00:00,-0.0164168562495,4580.14754386,4504.95578947
2017-08-31 00:05:00,-0.0165905495796,4579.92,4503.93661017
2017-08-31 00:10:00,-0.0165820700951,4580.05576271,4504.10898305
2017-08-31 00:15:00,-0.0167254255127,4584.152,4507.48
2017-08-31 00:20:00,-0.0170329784404,4585.19283333,4507.09333333
2017-08-31 00:25:00,-0.0176728979167,4585.25,4504.21534483
2017-08-31 00:30:00,-0.0178697911689,4586.14,4504.18677966
2017-08-31 00:35:00,-0.017194080761,4589.6515,4510.73683333
2017-08-31 00:40:00,-0.0182420266145,4592.82966102,4509.04677966
2017-08-31 00:45:00,-0.0186611392884,4594.69916667,4508.95666667
2017-08-31 00:50:00,-0.0163974271378,4595.66,4520.303
2017-08-31 00:55:00,-0.0162283032899,4596.36929825,4521.77789474
2017-08-31 01:00:00,-0.0163135101316,4598.11070175,4523.09964912
2017-08-31 01:05:00,-0.0166847439299,4600.605,4523.84483333
2017-08-31 01:10:00,-0.0143216542046,4601.09389831,4535.19864407
2017-08-31 01:15:00,-0.0152420430362,4606.1895,4535.98066667
2017-08-31 01:20:00,-0.016008288192,4609.72839286,4535.93428571
2017-08-31 01:25:00,-0.0162725695859,4616.0195,4540.905
2017-08-31 01:30:00,-0.0145054842706,4616.84,4549.8705
2017-08-31 01:35:00,-0.0150117829511,4616.84,4547.533
2017-08-31 01:40:00,-0.0167540443499,4615.49766667,4538.16916667
2017-08-31 01:45:00,-0.0162064035911,4614.39,4539.60733333
2017-08-31 01:50:00,-0.0164387925598,4614.39,4538.535
2017-08-31 01:55:00,-0.0152352748684,4614.39,4544.0885
2017-08-31 02:00:00,-0.0149059082216,4609.62678571,4540.91571429
2017-08-31 02:05:00,-0.014070390504,4603.34322034,4538.57237288
2017-08-31 02:10:00,-0.0135211773724,4602.1615,4539.93466667
2017-08-31 02:15:00,-0.0142048782253,4603.97283333,4538.5725
2017-08-31 02:20:00,-0.0147126431792,4606.99,4539.209
2017-08-31 02:25:00,-0.0134503945816,4606.99,4545.02416667
2017-08-31 02:30:00,-0.0123823264729,4606.99,4549.94474576
2017-08-31 02:35:00,-0.0122286800511,4610.60583333,4554.22066667
2017-08-31 02:40:00,-0.0125894486367,4614.38,4556.2875
2017-08-31 02:45:00,-0.0128066370514,4616.3540678,4557.23389831
2017-08-31 02:50:00,-0.0130142277127,4617.28,4557.18966667
2017-08-31 02:55:00,-0.0132603467841,4618.40833333,4557.1665
2017-08-31 03:00:00,-0.0136703753283,4621.66660714,4558.48660714
2017-08-31 03:05:00,-0.0137595979207,4622.35683333,4558.755
2017-08-31 03:10:00,-0.0141153451146,4624.17745763,4558.90559322
2017-08-31 03:15:00,-0.0141323343595,4624.69033333,4559.33266667
2017-08-31 03:20:00,-0.0142226549808,4625.7295,4559.93933333
2017-08-31 03:25:00,-0.0138072849114,4626.0,4562.1275
2017-08-31 03:30:00,-0.0139438319643,4626.0,4561.49583333
2017-08-31 03:35:00,-0.015291344276,4626.0,4555.26224138
2017-08-31 03:40:00,-0.0160299925989,4626.0,4551.84525424
2017-08-31 03:45:00,-0.0162537469376,4626.0,4550.81016667
2017-08-31 03:50:00,-0.0169936590287,4626.0,4547.38733333
2017-08-31 03:55:00,-0.0167606114978,4625.33666667,4547.81316667
2017-08-31 04:00:00,-0.0172841295001,4624.72327586,4544.78896552
2017-08-31 04:05:00,-0.0167487414318,4624.049,4546.602
2017-08-31 04:10:00,-0.0169277044205,4625.2455,4546.95066667
2017-08-31 04:15:00,-0.0171719366444,4625.93883333,4546.5025
2017-08-31 04:20:00,-0.0172652039199,4626.0,4546.13116667
2017-08-31 04:25:00,-0.0165086107508,4626.0,4549.63116667
2017-08-31 04:30:00,-0.0166422275077,4624.66116667,4547.6965
2017-08-31 04:35:00,-0.0161816290517,4624.04,4549.2155
2017-08-31 04:40:00,-0.0180230038903,4624.04,4540.70090909
2017-08-31 04:45:00,-0.017964809993,4624.04,4540.97
2017-08-31 04:50:00,-0.0179901846293,4624.04,4540.85266667
2017-08-31 04:55:00,-0.018573430487,4625.53683333,4539.6245
2017-08-31 05:00:00,-0.0194918709766,4625.98436364,4535.81527273
2017-08-31 05:05:00,-0.020510811095,4625.99,4531.10719298
2017-08-31 05:10:00,-0.0214448150558,4625.99,4526.7865
2017-08-31 05:15:00,-0.0213098132618,4625.99,4527.41101695
2017-08-31 05:20:00,-0.020526525133,4625.99,4531.0345
2017-08-31 05:25:00,-0.0202513407941,4625.99,4532.3075
2017-08-31 05:30:00,-0.0199252844616,4625.99,4533.81583333
2017-08-31 05:35:00,-0.0193701240167,4625.99,4536.384
2017-08-31 05:40:00,-0.0197871341585,4625.99,4534.45491525
2017-08-31 05:45:00,-0.0196208164853,4625.99683333,4535.231
2017-08-31 05:50:00,-0.0191644480852,4626.0,4537.34526316
2017-08-31 05:55:00,-0.0186849201638,4626.0,4539.56355932
2017-08-31 06:00:00,-0.0182655799765,4629.85714286,4545.29
2017-08-31 06:05:00,-0.0180730414294,4630.0,4546.32181818
2017-08-31 06:10:00,-0.0185479481641,4630.0,4544.123
2017-08-31 06:15:00,-0.0182767026209,4622.73254237,4538.23864407
2017-08-31 06:20:00,-0.0167341384055,4614.373,4537.15366667
2017-08-31 06:25:00,-0.0161404412237,4610.39,4535.97627119
2017-08-31 06:30:00,-0.0174809364124,4610.39,4529.79606557
2017-08-31 06:35:00,-0.0174771006357,4610.39,4529.81375
2017-08-31 06:40:00,-0.0174425112975,4610.39,4529.97322034
2017-08-31 06:45:00,-0.0178523219655,4610.39,4528.08383333
2017-08-31 06:50:00,-0.0185710970222,4610.39,4524.77
2017-08-31 06:55:00,-0.0189790186874,4610.39,4522.88932203
2017-08-31 07:00:00,-0.0191383892895,4610.39,4522.1545614
2017-08-31 07:05:00,-0.0199007393066,4610.39,4518.63983051
2017-08-31 07:10:00,-0.0201273062151,4612.50084746,4519.66338983
2017-08-31 07:15:00,-0.019870442034,4615.18,4523.47433333
2017-08-31 07:20:00,-0.0202846187292,4615.18,4521.56283333
2017-08-31 07:25:00,-0.0211249055531,4616.68016667,4519.15316667
2017-08-31 07:30:00,-0.0204899750401,4617.9,4523.27934426
2017-08-31 07:35:00,-0.020456628915,4617.9,4523.43333333
2017-08-31 07:40:00,-0.019319676332,4617.9,4528.68366667
2017-08-31 07:45:00,-0.0189061534267,4618.635,4531.3145
2017-08-31 07:50:00,-0.0183278670482,4620.0,4535.32525424
2017-08-31 07:55:00,-0.0189965950219,4622.268,4534.4605
2017-08-31 08:00:00,-0.0189187695171,4622.95542373,4535.49457627
2017-08-31 08:05:00,-0.0189230256982,4626.07266667,4538.5335
2017-08-31 08:10:00,-0.0189275248337,4626.10491525,4538.54423729
2017-08-31 08:15:00,-0.0189690743626,4623.51237288,4535.80847458
2017-08-31 08:20:00,-0.018662701237,4622.57,4536.30035714
2017-08-31 08:25:00,-0.0183344979092,4622.57,4537.8175
2017-08-31 08:30:00,-0.0176375167359,4622.57,4541.03934426
2017-08-31 08:35:00,-0.0171858687604,4622.57,4543.12711864
2017-08-31 08:40:00,-0.0175755045354,4622.57,4541.326
2017-08-31 08:45:00,-0.017088022921,4619.40622951,4540.46819672
2017-08-31 08:50:00,-0.0157853730849,4616.05,4543.18392857
2017-08-31 08:55:00,-0.0155526550478,4616.05,4544.25816667
2017-08-31 09:00:00,-0.0162752973228,4616.05,4540.92241379
2017-08-31 09:05:00,-0.0161652994462,4616.05,4541.43016949
2017-08-31 09:10:00,-0.0160592209068,4616.05,4541.91983333
2017-08-31 09:15:00,-0.0162165343385,4616.05,4541.19366667
2017-08-31 09:20:00,-0.0166830948538,4616.05,4539.04
2017-08-31 09:25:00,-0.0167778006449,4616.05,4538.60283333
2017-08-31 09:30:00,-0.016999382589,4616.05,4537.58
2017-08-31 09:35:00,-0.0170647342786,4616.05,4537.27833333
2017-08-31 09:40:00,-0.0169463791192,4616.05,4537.82466667
2017-08-31 09:45:00,-0.016700142933,4615.216,4538.141
2017-08-31 09:50:00,-0.0164474539827,4613.48,4537.6
2017-08-31 09:55:00,-0.0173943251741,4614.53733333,4534.27
2017-08-31 10:00:00,-0.018573486647,4621.56350877,4535.7245614
2017-08-31 10:05:00,-0.0177832926713,4624.35033898,4542.11389831
2017-08-31 10:10:00,-0.0177488604029,4625.88,4543.77590164
2017-08-31 10:15:00,-0.0179835320019,4625.88,4542.69033898
2017-08-31 10:20:00,-0.0185579258884,4628.64864407,4542.75
2017-08-31 10:25:00,-0.0183246936977,4629.991,4545.14783333
2017-08-31 10:30:00,-0.0176940868848,4630.47639344,4548.54377049
2017-08-31 10:35:00,-0.0193335620217,4640.3865,4550.67
2017-08-31 10:40:00,-0.0204996889569,4663.58666667,4567.985
2017-08-31 10:45:00,-0.020285030368,4665.0,4570.37033333
2017-08-31 10:50:00,-0.0199872898094,4664.60559322,4571.37237288
2017-08-31 10:55:00,-0.0174451910679,4655.90152542,4574.67813559
2017-08-31 11:00:00,-0.0159047703903,4651.82275862,4577.83655172
2017-08-31 11:05:00,-0.0163998213533,4651.73,4575.44245902
2017-08-31 11:10:00,-0.0165821051039,4652.44672727,4575.29890909
2017-08-31 11:15:00,-0.0173270768824,4658.77655738,4578.05360656
2017-08-31 11:20:00,-0.0171687003829,4660.47525424,4580.46084746
2017-08-31 11:25:00,-0.0175145025029,4660.68,4579.05050847
2017-08-31 11:30:00,-0.0181957038209,4660.64066667,4575.837
2017-08-31 11:35:00,-0.0161846084796,4653.66083333,4578.34283333
2017-08-31 11:40:00,-0.0154395232577,4654.6242623,4582.75885246
2017-08-31 11:45:00,-0.0171301855137,4662.6955,4582.8215
2017-08-31 11:50:00,-0.0185227131313,4673.04881356,4586.48864407
2017-08-31 11:55:00,-0.0196875140364,4686.05983333,4593.80283333
2017-08-31 12:00:00,-0.0207431421493,4689.06052632,4591.7945614
2017-08-31 12:05:00,-0.0209137995056,4689.46,4591.38557377
2017-08-31 12:10:00,-0.020683085046,4689.46,4592.4675
2017-08-31 12:15:00,-0.0199966418488,4684.93372881,4591.24983051
2017-08-31 12:20:00,-0.0196444214822,4684.01,4591.99533333
2017-08-31 12:25:00,-0.0199017152682,4684.01,4590.79016667
2017-08-31 12:30:00,-0.0200374607797,4684.01,4590.15433333
2017-08-31 12:35:00,-0.0208405475935,4684.01,4586.39266667
2017-08-31 12:40:00,-0.0207626229093,4684.01,4586.75766667
2017-08-31 12:45:00,-0.0216011850245,4684.01,4582.82983333
2017-08-31 12:50:00,-0.0211961349419,4685.882,4586.55933333
2017-08-31 12:55:00,-0.0210077856041,4686.35,4587.90016393
2017-08-31 13:00:00,-0.020666619823,4686.30862069,4589.45844828
2017-08-31 13:05:00,-0.020383540405,4686.15,4590.62967213
2017-08-31 13:10:00,-0.0208870365474,4688.2420339,4590.31813559
2017-08-31 13:15:00,-0.0196013877345,4690.0,4598.06949153
2017-08-31 13:20:00,-0.0192349680171,4690.0,4599.788
2017-08-31 13:25:00,-0.0194336324062,4692.92032787,4601.71967213
2017-08-31 13:30:00,-0.0195246517796,4693.38,4601.74338983
2017-08-31 13:35:00,-0.0189698893832,4695.4535,4606.38216667
2017-08-31 13:40:00,-0.0169409466195,4701.69576271,4622.04440678
2017-08-31 13:45:00,-0.018617439588,4714.28166667,4626.5135
2017-08-31 13:50:00,-0.0213476488992,4717.871,4617.15533333
2017-08-31 13:55:00,-0.0218261506166,4720.3025,4617.27566667
2017-08-31 14:00:00,-0.0219433094794,4724.18037736,4620.51622642
2017-08-31 14:05:00,-0.0222947597457,4723.60918033,4618.29770492
2017-08-31 14:10:00,-0.0228930658016,4716.61423729,4608.63576271
2017-08-31 14:15:00,-0.0233728477912,4714.73,4604.53333333
2017-08-31 14:20:00,-0.0227541669009,4714.87733333,4607.59416667
2017-08-31 14:25:00,-0.023339084342,4717.649,4607.54333333
2017-08-31 14:30:00,-0.0242893421498,4719.949,4605.30416667
2017-08-31 14:35:00,-0.0255882128665,4721.08,4600.276
2017-08-31 14:40:00,-0.0244691775375,4719.3555,4603.87633333
2017-08-31 14:45:00,-0.023797929368,4719.01,4606.70733333
2017-08-31 14:50:00,-0.0232948688627,4714.64883333,4604.82083333
2017-08-31 14:55:00,-0.0214005984804,4706.56183333,4605.8385
2017-08-31 15:00:00,-0.02009709812,4700.9390566,4606.46
2017-08-31 15:05:00,-0.0167335860315,4687.77116667,4609.3235
2017-08-31 15:10:00,-0.0150796789479,4683.717,4613.0875
2017-08-31 15:15:00,-0.0171289907047,4693.86716667,4613.4645
2017-08-31 15:20:00,-0.0195636020441,4703.43606557,4611.41885246
2017-08-31 15:25:00,-0.0202642036219,4706.59389831,4611.21847458
2017-08-31 15:30:00,-0.0207086342074,4708.19516667,4610.69466667
2017-08-31 15:35:00,-0.0203548783474,4708.60316667,4612.75966667
2017-08-31 15:40:00,-0.0183153438213,4697.77966667,4611.73783333
2017-08-31 15:45:00,-0.0177508543077,4696.76,4613.3885
2017-08-31 15:50:00,-0.0172194416118,4697.21,4616.32666667
2017-08-31 15:55:00,-0.0164917877405,4697.246,4619.78
2017-08-31 16:00:00,-0.0184368032808,4708.73254237,4621.91711864
2017-08-31 16:05:00,-0.0190989392948,4716.12866667,4626.05466667
2017-08-31 16:10:00,-0.019150428991,4719.99,4629.60016667
2017-08-31 16:15:00,-0.0200989707486,4726.60017241,4631.59862069
2017-08-31 16:20:00,-0.0214915650288,4730.691,4629.021
2017-08-31 16:25:00,-0.0216195059949,4730.99,4628.70833333
2017-08-31 16:30:00,-0.0212361887726,4730.99,4630.52180328
2017-08-31 16:35:00,-0.0206604905709,4731.01474576,4633.26966102
2017-08-31 16:40:00,-0.0210593842804,4731.05,4631.417
2017-08-31 16:45:00,-0.0214315723867,4730.55533333,4629.172
2017-08-31 16:50:00,-0.0211649496088,4729.99,4629.88
2017-08-31 16:55:00,-0.0214067048768,4729.99,4628.7365
2017-08-31 17:00:00,-0.0216326038744,4729.99,4627.668
2017-08-31 17:05:00,-0.0224449895816,4729.99,4623.82542373
2017-08-31 17:10:00,-0.0230331161393,4729.44133333,4620.5075
2017-08-31 17:15:00,-0.0228637999479,4727.86457627,4619.76762712
2017-08-31 17:20:00,-0.0234126064274,4727.86,4617.16847458
2017-08-31 17:25:00,-0.0230098113452,4727.86,4619.07283333
2017-08-31 17:30:00,-0.0228120552195,4727.86,4620.00779661
2017-08-31 17:35:00,-0.0224943208978,4727.86,4621.51
2017-08-31 17:40:00,-0.0217057188417,4729.738,4627.07583333
2017-08-31 17:45:00,-0.021737387842,4729.99,4627.17237288
2017-08-31 17:50:00,-0.0219138941097,4729.99,4626.3375
2017-08-31 17:55:00,-0.0225338038065,4729.99,4623.40533333
2017-08-31 18:00:00,-0.0225568869138,4729.99666667,4623.30266667
2017-08-31 18:05:00,-0.0236895197755,4735.1540678,4622.98
2017-08-31 18:10:00,-0.0229193255609,4731.53050847,4623.08440678
2017-08-31 18:15:00,-0.0223902427131,4728.36360656,4622.49442623
2017-08-31 18:20:00,-0.0227832710317,4728.09,4620.36864407
2017-08-31 18:25:00,-0.0228456745173,4728.332,4620.31
2017-08-31 18:30:00,-0.0232625492828,4730.35,4620.31
2017-08-31 18:35:00,-0.0232319194058,4730.63229508,4620.73065574
2017-08-31 18:40:00,-0.022701921087,4733.71016949,4626.24610169
2017-08-31 18:45:00,-0.0237970870767,4744.30901639,4631.40688525
2017-08-31 18:50:00,-0.0244986493213,4749.677,4633.31633333
2017-08-31 18:55:00,-0.0250099490726,4752.27389831,4633.41830508
2017-08-31 19:00:00,-0.0260734688014,4756.99241379,4632.96051724
2017-08-31 19:05:00,-0.0262460421969,4762.36866667,4637.37566667
2017-08-31 19:10:00,-0.0253116084787,4761.19216667,4640.67766667
2017-08-31 19:15:00,-0.0215523981662,4733.42672131,4631.3942623
2017-08-31 19:20:00,-0.0220064873729,4724.87491525,4620.89322034
2017-08-31 19:25:00,-0.0226143884483,4733.24766667,4626.20766667
2017-08-31 19:30:00,-0.023008804287,4733.98783333,4625.06216667
2017-08-31 19:35:00,-0.0218664758836,4726.23355932,4622.88728814
2017-08-31 19:40:00,-0.0216583285213,4730.77766667,4628.31683333
2017-08-31 19:45:00,-0.0218659554718,4733.29833333,4629.79983333
2017-08-31 19:50:00,-0.0222767909637,4734.09,4628.62966667
2017-08-31 19:55:00,-0.0202077760341,4728.71278689,4633.15262295
2017-08-31 20:00:00,-0.0191472689668,4723.79789474,4633.35
2017-08-31 20:05:00,-0.0195101217232,4723.01,4630.8635
2017-08-31 20:10:00,-0.0203074240086,4723.01,4627.09783333
2017-08-31 20:15:00,-0.0205888829369,4723.01,4625.7685
2017-08-31 20:20:00,-0.0202271432836,4723.01,4627.477
2017-08-31 20:25:00,-0.0198677663618,4723.28716667,4629.44583333
2017-08-31 20:30:00,-0.0201375404872,4727.14266667,4631.94783333
2017-08-31 20:35:00,-0.0209145050072,4732.31816667,4633.34266667
2017-08-31 20:40:00,-0.0212449326804,4738.98883333,4638.30883333
2017-08-31 20:45:00,-0.02131498729,4740.35,4639.3095
2017-08-31 20:50:00,-0.0215231646046,4740.35,4638.32266667
2017-08-31 20:55:00,-0.0213616083201,4740.35,4639.0885
2017-08-31 21:00:00,-0.0205895970871,4740.35,4642.74810345
2017-08-31 21:05:00,-0.0206364432311,4741.11783333,4643.27783333
2017-08-31 21:10:00,-0.0209562305043,4741.43,4642.0675
2017-08-31 21:15:00,-0.0210906836123,4741.43,4641.43
2017-08-31 21:20:00,-0.0211467848307,4741.43,4641.164
2017-08-31 21:25:00,-0.0215441684611,4741.43,4639.27983333
2017-08-31 21:30:00,-0.0225067824123,4741.43,4634.71566667
2017-08-31 21:35:00,-0.0223899865405,4741.24916667,4635.09266667
2017-08-31 21:40:00,-0.0229319930887,4741.08,4632.35758621
2017-08-31 21:45:00,-0.023409841608,4740.32786885,4629.35754098
2017-08-31 21:50:00,-0.0232425135543,4738.37169492,4628.24
2017-08-31 21:55:00,-0.0231160862723,4737.7359322,4628.2179661
2017-08-31 22:00:00,-0.0229290385344,4737.11736842,4628.49982456
2017-08-31 22:05:00,-0.022907945448,4737.01,4628.49483333
2017-08-31 22:10:00,-0.0230085651664,4737.01,4628.01819672
2017-08-31 22:15:00,-0.02306307836,4737.06711864,4627.81576271
2017-08-31 22:20:00,-0.0232026081415,4738.21803279,4628.27901639
2017-08-31 22:25:00,-0.0231911447258,4738.22,4628.33525424
2017-08-31 22:30:00,-0.0233329534438,4738.22,4627.66333333
2017-08-31 22:35:00,-0.023356872412,4738.22,4627.55
2017-08-31 22:40:00,-0.023531405949,4738.31305085,4626.81389831
2017-08-31 22:45:00,-0.0240947140267,4738.4959322,4624.32322034
2017-08-31 22:50:00,-0.0249681603083,4739.16066667,4620.8325
2017-08-31 22:55:00,-0.0248261676274,4739.24,4621.58283333
2017-08-31 23:00:00,-0.0236950017945,4739.51142857,4627.20875
2017-08-31 23:05:00,-0.0241542755192,4739.52133333,4625.04166667
2017-08-31 23:10:00,-0.0243736037141,4733.09516667,4617.73116667
2017-08-31 23:15:00,-0.0248867182573,4730.83,4613.09516667
2017-08-31 23:20:00,-0.0245536876265,4730.83,4614.67067797
2017-08-31 23:25:00,-0.025482976701,4732.10333333,4611.51516667
2017-08-31 23:30:00,-0.025994559235,4736.942,4613.80633333
2017-08-31 23:35:00,-0.0263293362339,4739.27,4614.48816667
2017-08-31 23:40:00,-0.0255780601935,4739.27,4618.04866667
2017-08-31 23:45:00,-0.0253111766158,4739.27,4619.3135
2017-08-31 23:50:00,-0.0248073808563,4736.609,4619.106
2017-08-31 23:55:00,-0.0250154129401,4736.28,4617.8
